{
  "project_info": {
    "project_number": "828156850705",
    "firebase_url": "https://farmaciaapp-518b9.firebaseio.com",
    "project_id": "farmaciaapp-518b9",
    "storage_bucket": "farmaciaapp-518b9.appspot.com"
  },
  "client": [
    {
      "client_info": {
        "mobilesdk_app_id": "1:828156850705:android:e982af16a4ce4010",
        "android_client_info": {
          "package_name": "livrokotlin.com.farmaciaapp"
        }
      },
      "oauth_client": [
        {
          "client_id": "828156850705-dpoqqjtl96ue5ktkpvipasbgu5385mfs.apps.googleusercontent.com",
          "client_type": 1,
          "android_info": {
            "package_name": "livrokotlin.com.farmaciaapp",
            "certificate_hash": "f3e9dd0af98349c023cd9899be0956d4fb9b7a15"
          }
        },
        {
          "client_id": "828156850705-8poeeeggrcmvt5l3oegantephq7sbcak.apps.googleusercontent.com",
          "client_type": 3
        }
      ],
      "api_key": [
        {
          "current_key": "AIzaSyDLcnKFn_TyAP_8hDtWDGpenFP_QvS4h0s"
        }
      ],
      "services": {
        "appinvite_service": {
          "other_platform_oauth_client": [
            {
              "client_id": "828156850705-8poeeeggrcmvt5l3oegantephq7sbcak.apps.googleusercontent.com",
              "client_type": 3
            }
          ]
        }
      }
    }
  ],
  "configuration_version": "1"
}